group,username
marketing,loghernand
operations,patri.cla
berlin,patri.cla
nigeria-recruitment,patri.cla
spain,emilicarter
toronto-sales,emilicarter
spain,ola.cam78
shanghai,ola.cam78
germany,ola.cam78
nigeria-recruit,annab.marti
nigeria-recruit,annab.marti
berlin,annab.marti
spain,annab.marti
nigeria-recruitment,pheo.cam
shanghai,pheo.cam
spain,pheo.cam
toronto-sales,pheo.cam
operations,pheo.cam
spain,ang.rivera100
spain,ang.rivera100
operations,ang.rivera100
germany,ang.rivera100
shanghai,ang.rivera100
spain,ann.mar3
operations,ann.mar3
marketing,ann.mar3
nigeria-recruitment,ann.mar3
operations,isai.bel
operations,isai.bel
germany,isai.bel
toronto-sales,lol.griffi
toronto-sales,annieva82
marketing,annieva82
berlin,annieva82
shanghai,annieva82
marketing,victoria.bell
marketing,victoria.bell
operations,victoria.bell
nigeria-recruitment,maddiso.sanchez39
nigeria-recruit,claraedward73
nigeria-recruit,claraedward73
nigeria-recruitment,gracie.hug30
spain,gracie.hug30
domain admins,patri.cla
domain admins,pheo.cam
domain admins,gracie.hug30
domain admins,pheo.cam
domain admins,isai.bel
domain admins,pheo.cam
domain admins,ann.mar3
domain admins,ann.mar3
domain admins,gracie.hug30
domain admins,Administrator
domain admins,a.ballen
domain admins,a.csmith
domain admins,a.egonzales
domain admins,a.dgonzales
domain admins,a.canderson
domain admins,a.agonzalez
domain admins,a.adiaz
domain admins,a.mhenderson
domain admins,a.gjenkins
enterprise admins,svc_br
enterprise admins,svc_br
enterprise admins,svc_dh
enterprise admins,svc_dh
enterprise admins,svc_zp
enterprise admins,svc_kk
enterprise admins,svc_kk
enterprise admins,svc_jb
enterprise admins,svc_jb
